{
    "Objects": [
        {
            "name": "Land_Boathouse",
            "pos": [
                4290.0615234375,
                376.79730224609377,
                3001.1591796875
            ],
            "ypr": [
                174.9392547607422,
                -0.0,
                -0.0
            ]
        },
        {
            "name": "Land_Boat_Small1",
            "pos": [
                4365.5751953125,
                379.4458312988281,
                3051.295166015625
            ],
            "ypr": [
                0.0,
                23.499996185302736,
                0.0
            ]
        },
        {
            "name": "Land_Slum_House7",
            "pos": [
                4392.69873046875,
                381.0129699707031,
                3102.31884765625
            ],
            "ypr": [
                -32.02616882324219,
                0.0,
                0.0
            ]
        },
        {
            "name": "Land_Castle_Stairs",
            "pos": [
                4401.79296875,
                372.73004150390627,
                3095.086181640625
            ],
            "ypr": [
                -126.49998474121094,
                0.0,
                0.0
            ]
        }
    ]
}