{
    "Objects": [
        {
            "name": "PumpkinHelmet",
            "pos": [
                11395.2236328125,
                190.58694458007813,
                9459.8046875
            ],
            "ypr": [
                -109.5,
                -90.0,
                91.49999237060547
            ]
        },
        {
            "name": "PumpkinHelmet",
            "pos": [
                11362.0,
                190.64100646972657,
                9434.6201171875
            ],
            "ypr": [
                -24.99996566772461,
                -90.0,
                -88.49998474121094
            ]
        }
    ]
}
