{
    "Objects": [
        {
            "name": "Vodka",
            "pos": [
                11262.7177734375,
                186.66888427734376,
                9521.66015625
            ],
            "ypr": [
                0.0,
                -0.0,
                -0.0
            ]
        }
    ]
}
