{
    "Objects": [
        {
            "name": "Land_Construction_Building",
            "pos": [
                3849.255859375,
                226.40977478027345,
                7874.0263671875
            ],
            "ypr": [
                76.16266632080078,
                -0.0,
                -0.0
            ],
            "scale": 0.9999952912330627
        },
        {
            "name": "Land_Construction_Crane",
            "pos": [
                3866.1025390625,
                237.1296844482422,
                7864.6923828125
            ],
            "ypr": [
                -149.8692169189453,
                -0.0,
                -0.0
            ],
            "scale": 0.9999998211860657
        }
    ]
}